Agency ID,Agency Name,Agency City,Agency State
1,National Insurance,Los Angeles,CA
2,Auto AA Insurance,Baldwin Park,CA
3,Reliable Insurance,Huntington Park,CA
4,Califrnial Automobile Insurance,Brea,CA
5,Mercury CA Insurance,Cerritos,CA
6,Clovis Insurance Agency,Clovis,CA
7,AIS-Auto Insurance Agency,Walnut Creek,CA
8,Kostyo Insurance Agency,San Diego,CA
9,Pregil Insurance Agency,Susanville,CA
10,Suncan Insurance Agency,Santa Clarita,CA
11,Yugine C Sport Insurance,Lodi,CA
12,Alandale Car Insurance,Los Alamito,CA
13,Rose Insurance,Yuba City,CA
14,PickWise Car Insuarance,San Diego,CA
15,OneStop Car Insurance,Lodi,CA
16,Garys Insurance Agency,Brea,CA
17,Mr. Right Car Insurance,Susanville,CA
18,Bay Area Car Insuarnce,Trabuco Canyon,CA
19,Clean Energy Car Insurance,Chatsworth,CA
20,USAVE Car Insurance Agency,Manhattan Beach,CA
